"sensor_serial_number","timestamp","value","measurement_unit"
"541","2013-01-01 08:04:56","391.15","kPa"
"656","2011-11-21 12:01:01","45.87","kPa"
"467","2014-09-03 22:45:09","435.26","kPa"
"998","2007-06-28 04:14:14","629.10","kPa"
"717","2013-12-03 13:42:33","640.08","mg/Dl"
"1","2015-12-16 03:00:59","598.73","kPa"
"836","2015-08-24 03:06:51","765.81","mg/Dl"
"185","2016-06-15 05:38:12","200.08","kPa"
"40","2008-03-30 07:00:37","666.28","kPa"
"490","2012-03-24 08:53:47","537.77","mg/Dl"
"523","2016-08-16 23:40:18","278.09","mg/Dl"
"574","2014-05-25 16:00:29","425.62","mg/Dl"
"960","2010-07-22 21:01:11","581.90","mg/Dl"
"392","2016-11-07 19:34:11","266.24","kPa"
"983","2007-06-13 20:45:09","995.14","kPa"
"906","2009-05-24 16:39:29","866.73","mg/Dl"
"923","2007-04-26 04:48:58","13.32","kPa"
"813","2015-08-28 06:59:21","2.07","kPa"
"719","2007-09-03 20:56:12","927.96","mg/Dl"
"192","2017-11-27 12:11:08","355.53","kPa"
"109","2013-05-02 08:06:58","744.19","mg/Dl"
"442","2007-05-02 12:04:34","832.04","mg/Dl"
"57","2017-12-20 10:08:05","456.93","kPa"
"263","2012-05-01 19:53:59","748.19","mg/Dl"
"473","2007-10-23 17:42:02","158.83","mg/Dl"
"591","2007-06-13 11:07:39","844.16","mg/Dl"
"767","2013-09-27 14:30:04","908.56","mg/Dl"
"719","2009-10-15 11:30:02","686.31","mg/Dl"
"619","2008-10-19 11:30:21","328.24","mg/Dl"
"92","2008-02-14 22:15:32","783.99","mg/Dl"
"574","2013-07-05 14:56:23","793.70","kPa"
"151","2013-10-20 02:49:21","533.99","mg/Dl"
"323","2009-07-28 10:49:11","179.52","mg/Dl"
"192","2012-04-25 14:45:54","37.59","mg/Dl"
"787","2005-08-05 23:09:47","99.22","kPa"
"694","2011-04-16 14:32:14","467.22","kPa"
"21","2016-11-29 09:58:06","694.49","mg/Dl"
"658","2010-08-03 18:24:53","255.91","mg/Dl"
"80","2009-07-17 03:11:37","359.14","kPa"
"637","2010-11-03 21:20:37","158.17","kPa"
"72","2008-03-09 14:05:36","494.16","kPa"
"848","2005-01-23 03:13:01","604.85","kPa"
"899","2012-08-28 16:17:54","969.49","mg/Dl"
"289","2011-01-15 12:41:10","619.01","mg/Dl"
"296","2008-01-18 23:37:56","483.54","mg/Dl"
"683","2016-07-03 21:10:23","450.15","mg/Dl"
"243","2012-11-29 12:21:43","357.61","mg/Dl"
"767","2015-12-11 01:00:53","548.10","kPa"
"692","2010-09-05 21:01:02","454.41","kPa"
"439","2014-07-02 13:42:14","267.83","kPa"
"351","2015-11-20 12:36:19","167.50","kPa"
"92","2005-12-12 14:26:33","956.12","mg/Dl"
"368","2005-05-16 06:44:34","673.94","mg/Dl"
"305","2005-05-28 07:43:02","708.43","kPa"
"576","2017-02-10 04:36:56","581.59","mg/Dl"
"236","2010-02-11 20:06:34","940.48","mg/Dl"
"523","2010-12-07 02:45:50","522.96","kPa"
"56","2010-01-27 17:00:22","37.62","mg/Dl"
"745","2006-01-26 14:50:28","262.94","kPa"
"607","2013-08-29 16:12:53","223.26","kPa"
"782","2016-10-24 16:07:44","190.16","mg/Dl"
"752","2006-12-09 18:26:18","625.40","kPa"
"12","2012-04-16 01:34:02","172.87","mg/Dl"
"796","2012-08-07 21:52:17","471.60","kPa"
"274","2012-12-03 13:51:01","277.09","kPa"
"986","2008-02-16 18:16:26","763.09","kPa"
"214","2016-07-02 08:42:05","695.42","mg/Dl"
"86","2012-03-06 01:09:58","478.57","mg/Dl"
"728","2015-11-11 17:55:40","923.81","kPa"
"822","2010-01-06 02:54:52","849.61","kPa"
"968","2015-10-09 21:23:57","83.28","kPa"
"474","2011-10-10 11:41:09","998.85","mg/Dl"
"444","2014-04-16 18:35:59","725.99","mg/Dl"
"163","2006-07-31 13:41:27","907.77","kPa"
"368","2013-05-30 07:36:45","229.00","mg/Dl"
"268","2007-11-29 04:44:03","405.24","kPa"
"82","2012-11-24 06:10:20","281.75","mg/Dl"
"589","2005-11-02 10:03:06","466.25","kPa"
"675","2009-02-18 03:49:50","160.73","mg/Dl"
"575","2009-06-23 04:02:23","360.51","mg/Dl"
"888","2005-08-28 14:23:16","680.28","mg/Dl"
"24","2007-01-31 20:11:15","74.63","kPa"
"299","2013-09-16 00:55:01","463.68","kPa"
"192","2017-04-07 14:34:30","383.74","mg/Dl"
"381","2012-01-22 14:25:54","623.92","kPa"
"119","2014-04-07 15:14:02","106.32","mg/Dl"
"121","2016-02-14 08:27:29","36.29","mg/Dl"
"503","2016-08-06 16:35:35","530.88","mg/Dl"
"70","2016-10-22 22:22:03","161.69","mg/Dl"
"87","2011-08-17 11:20:51","48.27","kPa"
"576","2007-04-14 11:46:25","204.54","kPa"
"272","2016-10-14 17:48:29","406.62","kPa"
"473","2015-10-23 15:37:37","204.57","kPa"
"315","2017-02-21 19:31:17","176.68","kPa"
"368","2011-04-18 01:13:00","238.18","mg/Dl"
"763","2010-10-23 17:03:46","377.75","kPa"
"97","2013-03-25 14:16:10","91.50","mg/Dl"
"786","2009-03-14 21:49:00","373.97","kPa"
"747","2008-08-17 16:45:10","739.52","mg/Dl"
"928","2013-11-03 09:04:46","167.91","mg/Dl"
"180","2010-11-18 20:54:59","479.94","kPa"
"886","2016-08-23 21:36:04","855.56","kPa"
"628","2005-11-15 09:56:30","208.44","mg/Dl"
"201","2015-01-01 11:49:31","979.31","mg/Dl"
"730","2013-07-11 17:06:54","745.87","mg/Dl"
"805","2015-09-08 10:45:56","743.27","kPa"
"529","2005-11-13 17:54:57","326.38","kPa"
"805","2016-06-11 10:06:18","909.23","mg/Dl"
"771","2014-03-29 07:52:57","895.76","kPa"
"678","2005-06-10 08:14:52","748.03","mg/Dl"
"433","2009-08-03 18:03:54","147.91","kPa"
"131","2017-08-15 08:16:06","707.36","kPa"
"455","2014-03-22 10:59:43","716.28","mg/Dl"
"56","2010-07-18 15:07:57","705.47","mg/Dl"
"990","2007-11-21 07:02:25","439.75","kPa"
"358","2013-10-24 13:33:47","854.50","kPa"
"202","2007-03-21 08:38:28","517.79","kPa"
"136","2010-06-09 02:57:05","346.00","mg/Dl"
"625","2009-06-30 10:41:46","865.60","mg/Dl"
"278","2014-04-09 17:24:22","534.15","mg/Dl"
"369","2016-11-23 17:46:52","363.51","mg/Dl"
"541","2016-02-22 02:17:22","474.75","mg/Dl"
"371","2014-07-03 02:42:38","579.09","kPa"
"207","2009-03-08 14:53:19","315.47","kPa"
"119","2014-11-28 17:02:20","118.76","mg/Dl"
"429","2011-12-14 18:56:04","687.20","kPa"
"913","2008-12-19 20:32:47","57.85","kPa"
"119","2011-10-14 17:31:41","269.50","kPa"
"255","2017-05-05 14:59:38","3.36","kPa"
"26","2007-11-29 21:56:19","852.23","mg/Dl"
"72","2012-12-19 18:12:06","688.22","kPa"
"122","2015-08-19 17:14:24","799.89","mg/Dl"
"815","2016-06-07 02:11:23","584.95","kPa"
"148","2011-02-19 06:57:59","857.80","kPa"
"796","2007-06-16 12:54:35","693.45","mg/Dl"
"678","2016-02-18 08:48:14","685.58","mg/Dl"
"45","2015-01-13 22:05:59","312.41","mg/Dl"
"940","2011-12-10 03:10:21","532.64","kPa"
"676","2012-07-15 10:54:24","487.27","kPa"
"742","2016-12-16 00:32:02","704.52","mg/Dl"
"181","2009-06-11 01:19:56","755.66","mg/Dl"
"614","2009-01-08 19:40:06","233.07","kPa"
"223","2011-01-11 09:48:01","430.20","kPa"
"255","2006-11-03 19:41:59","736.19","mg/Dl"
"15","2009-07-20 05:18:59","692.03","kPa"
"493","2015-08-31 10:03:08","315.21","mg/Dl"
"672","2005-10-21 00:54:43","267.90","kPa"
"318","2005-06-19 13:50:45","424.98","mg/Dl"
"4","2007-03-25 06:51:48","58.92","mg/Dl"
"837","2005-10-06 15:48:03","600.71","kPa"
"267","2015-01-17 08:09:21","238.81","mg/Dl"
"471","2010-11-07 08:19:27","327.58","kPa"
"164","2009-10-25 07:04:07","579.07","mg/Dl"
"166","2007-05-04 05:44:38","988.02","mg/Dl"
"894","2009-12-29 13:29:27","952.37","kPa"
"97","2012-05-28 20:47:39","964.33","kPa"
"357","2008-02-28 20:40:43","556.64","kPa"
"49","2013-08-15 11:48:52","561.30","kPa"
"378","2008-09-15 01:14:57","660.01","kPa"
"801","2008-06-14 02:58:49","347.94","kPa"
"176","2009-11-24 07:16:21","941.36","kPa"
"857","2010-01-13 19:49:06","905.72","kPa"
"72","2011-08-18 03:07:40","467.49","mg/Dl"
"21","2008-06-05 21:32:55","372.64","kPa"
"999","2015-10-11 18:21:48","262.59","kPa"
"443","2017-05-01 12:30:54","850.47","kPa"
"101","2010-02-23 16:32:18","370.45","kPa"
"358","2005-05-26 02:26:44","912.43","kPa"
"215","2010-02-01 11:18:09","446.44","mg/Dl"
"607","2009-04-13 15:16:11","529.76","kPa"
"653","2015-03-10 15:13:03","734.04","kPa"
"248","2005-06-06 15:51:09","599.38","kPa"
"629","2014-05-29 16:45:51","846.39","kPa"
"684","2007-10-05 13:35:10","477.29","mg/Dl"
"873","2012-12-07 13:24:47","983.33","mg/Dl"
"842","2015-07-29 11:22:01","31.02","mg/Dl"
"432","2009-08-03 17:42:08","41.61","mg/Dl"
"957","2013-09-15 18:21:20","451.08","mg/Dl"
"482","2010-03-06 17:04:19","822.52","mg/Dl"
"62","2005-07-20 22:05:45","590.80","mg/Dl"
"480","2005-11-07 23:36:42","86.79","mg/Dl"
"406","2008-12-13 09:42:50","823.43","kPa"
"482","2013-07-19 00:07:20","259.50","mg/Dl"
"999","2005-08-26 13:15:52","155.89","kPa"
"58","2016-05-22 12:32:07","933.82","kPa"
"467","2014-08-24 01:36:11","664.36","mg/Dl"
"551","2011-01-04 14:37:17","76.03","mg/Dl"
"435","2010-03-25 14:09:28","714.24","mg/Dl"
"266","2005-03-09 20:56:23","687.64","kPa"
"969","2017-02-16 17:38:07","97.54","kPa"
"477","2008-09-02 23:35:51","154.79","mg/Dl"
"823","2006-06-25 17:29:04","315.64","mg/Dl"
"825","2015-09-01 00:26:02","207.52","mg/Dl"
"294","2006-09-29 07:26:40","113.69","kPa"
"276","2006-07-24 09:45:38","250.99","kPa"
"249","2006-07-15 09:38:11","841.45","kPa"
"690","2011-05-07 20:52:47","319.71","kPa"
"573","2011-04-30 08:06:49","789.54","kPa"
"790","2015-01-15 04:25:01","379.35","mg/Dl"
"125","2006-08-29 02:04:56","793.25","kPa"
"705","2015-01-09 20:30:25","568.72","kPa"
"300","2015-07-23 13:49:33","779.07","mg/Dl"
"10","2010-01-04 05:09:03","976.58","mg/Dl"
"965","2014-01-26 00:14:16","672.92","mg/Dl"
"640","2011-04-21 05:08:06","1.65","mg/Dl"
"488","2015-12-18 04:03:58","19.19","kPa"
"801","2017-11-19 19:52:37","394.83","kPa"
"156","2011-06-23 04:42:44","554.80","kPa"
"197","2016-07-29 14:27:28","953.76","mg/Dl"
"67","2010-09-28 12:44:18","823.23","kPa"
"211","2008-07-20 21:27:44","83.56","kPa"
"142","2013-05-31 22:03:58","135.31","kPa"
"288","2005-01-04 02:31:48","183.47","mg/Dl"
"896","2012-11-24 14:04:21","923.57","mg/Dl"
"101","2017-07-19 13:36:56","25.09","kPa"
"970","2010-05-13 13:30:28","886.09","mg/Dl"
"87","2009-11-25 16:56:11","990.76","mg/Dl"
"197","2017-03-30 02:42:51","568.37","mg/Dl"
"488","2013-11-01 20:20:10","603.40","kPa"
"160","2010-04-29 21:59:13","933.94","kPa"
"95","2005-08-21 04:34:17","145.72","kPa"
"851","2008-09-26 03:51:55","477.93","mg/Dl"
"236","2016-02-09 07:07:29","106.37","mg/Dl"
"872","2011-12-12 10:26:07","944.01","mg/Dl"
"540","2007-08-21 10:16:54","552.34","mg/Dl"
"684","2009-09-01 15:05:32","322.30","kPa"
"735","2014-05-15 18:07:46","488.30","kPa"
"103","2015-09-13 15:19:45","592.38","mg/Dl"
"710","2006-04-19 19:57:30","577.68","kPa"
"104","2015-06-17 03:13:17","394.59","kPa"
"263","2007-08-04 18:53:17","852.48","kPa"
"507","2016-06-19 04:25:03","179.90","kPa"
"913","2013-06-22 23:43:32","887.64","kPa"
"19","2017-03-21 13:32:50","323.60","mg/Dl"
"24","2015-08-04 12:30:43","353.12","kPa"
"531","2011-06-09 14:46:30","561.26","mg/Dl"
"831","2011-07-23 00:54:49","447.85","mg/Dl"
"559","2017-06-05 12:25:46","994.13","kPa"
"199","2016-07-17 22:03:56","861.07","kPa"
"191","2015-06-25 07:22:27","841.74","kPa"
"756","2014-12-19 03:53:52","72.08","kPa"
"123","2017-03-31 12:50:48","325.19","kPa"
"701","2015-03-19 16:10:01","789.85","mg/Dl"
"101","2008-07-16 06:00:42","228.20","mg/Dl"
"829","2017-04-24 18:20:12","530.03","mg/Dl"
"577","2012-08-25 14:21:52","193.79","kPa"
"140","2010-11-28 14:12:54","936.45","mg/Dl"
"14","2006-12-25 08:32:21","12.38","mg/Dl"
"766","2016-11-11 21:11:36","763.08","kPa"
"768","2008-03-10 02:39:13","586.00","mg/Dl"
"635","2016-03-12 23:47:17","55.34","kPa"
"559","2010-10-08 16:41:20","910.96","mg/Dl"
"903","2015-11-21 09:57:56","198.27","kPa"
"58","2014-06-11 16:35:15","7.25","kPa"
"914","2012-05-31 02:30:36","155.07","kPa"
"807","2011-12-29 09:18:09","890.66","mg/Dl"
"978","2006-07-28 13:20:45","500.06","mg/Dl"
"404","2005-07-14 03:11:25","290.09","kPa"
"271","2006-02-15 06:09:01","183.29","kPa"
"312","2014-02-21 22:02:34","165.91","mg/Dl"
"369","2008-01-25 08:04:43","353.90","mg/Dl"
"188","2005-05-28 12:07:28","200.54","mg/Dl"
"733","2016-04-28 01:58:37","849.12","mg/Dl"
"160","2016-01-08 02:09:14","272.63","kPa"
"858","2017-02-21 15:33:36","36.87","kPa"
"474","2016-06-01 15:03:20","662.96","mg/Dl"
"587","2010-11-09 07:02:48","821.10","mg/Dl"
"848","2008-07-26 12:28:26","993.66","mg/Dl"
"766","2012-01-06 03:50:59","598.10","mg/Dl"
"328","2012-06-10 12:55:50","998.57","mg/Dl"
"786","2009-09-04 18:48:38","434.32","kPa"
"295","2006-02-23 06:42:55","439.70","mg/Dl"
"148","2010-06-10 17:43:36","445.20","kPa"
"731","2009-03-10 20:45:51","304.40","mg/Dl"
"241","2012-03-17 02:44:58","342.38","kPa"
"295","2015-07-05 22:32:53","774.12","mg/Dl"
"990","2016-12-07 11:18:58","13.02","kPa"
"387","2009-06-25 18:06:59","986.74","kPa"
"451","2007-02-28 06:02:08","257.41","kPa"
"109","2011-07-08 11:35:20","911.02","kPa"
"560","2008-10-17 21:34:16","976.88","kPa"
"915","2017-02-10 17:54:22","507.55","mg/Dl"
"140","2006-03-18 01:33:47","36.02","mg/Dl"
"515","2012-08-01 05:25:36","12.80","kPa"
"639","2015-08-06 13:59:55","165.04","kPa"
"610","2014-09-15 09:33:51","602.21","mg/Dl"
"768","2007-06-25 22:50:53","889.39","kPa"
"191","2012-03-10 21:35:47","766.82","kPa"
"461","2011-01-21 18:17:54","923.77","mg/Dl"
"169","2013-03-15 15:22:15","583.52","mg/Dl"
"24","2007-10-08 08:30:23","422.44","kPa"
"104","2017-03-12 20:14:49","230.53","kPa"
"425","2016-07-03 14:20:11","193.17","mg/Dl"
"228","2017-04-12 02:37:17","859.45","mg/Dl"
"110","2015-10-21 22:23:47","540.08","kPa"
"26","2014-12-18 07:49:23","499.95","mg/Dl"
"14","2006-04-19 17:31:06","963.12","mg/Dl"
"177","2016-05-20 07:36:13","461.37","kPa"
"221","2014-03-16 00:49:53","997.90","mg/Dl"
"83","2014-07-29 23:39:30","578.62","kPa"
"195","2014-06-11 08:41:38","96.07","mg/Dl"
"95","2005-07-02 22:59:11","204.36","kPa"
"836","2008-02-06 21:10:13","519.86","mg/Dl"
"990","2016-11-03 05:11:40","602.61","mg/Dl"
"26","2009-07-19 09:56:11","727.01","mg/Dl"
"312","2015-04-12 16:04:38","82.72","kPa"
"965","2006-04-15 02:18:02","957.68","kPa"
"4","2015-04-20 05:34:21","11.34","mg/Dl"
"796","2015-02-22 20:54:38","580.88","kPa"
"629","2017-03-14 00:54:49","641.80","kPa"
"62","2011-05-27 09:43:45","924.40","kPa"
"425","2015-10-17 19:32:56","345.25","mg/Dl"
"210","2005-01-03 05:36:10","583.88","mg/Dl"
"142","2009-03-08 12:18:16","360.66","kPa"
"808","2017-01-22 19:09:28","698.80","mg/Dl"
"93","2006-09-25 22:44:28","98.01","kPa"
"280","2012-10-17 05:29:50","87.16","mg/Dl"
"922","2006-10-20 23:37:54","530.83","mg/Dl"
"407","2017-07-28 16:42:35","968.14","kPa"
"300","2013-01-02 18:26:50","454.68","mg/Dl"
"178","2010-07-02 22:19:19","870.69","kPa"
"493","2017-06-02 05:50:49","722.47","mg/Dl"
"827","2005-05-21 05:55:39","153.14","mg/Dl"
"848","2014-02-21 03:16:20","806.44","mg/Dl"
"51","2006-07-13 01:44:26","849.20","kPa"
"275","2012-02-22 09:07:25","692.22","mg/Dl"
"547","2007-07-05 23:36:56","642.27","kPa"
"126","2008-03-27 00:42:26","648.51","mg/Dl"
"895","2013-07-10 19:08:56","63.79","kPa"
"518","2008-07-19 11:08:11","505.67","kPa"
"756","2008-10-28 04:42:01","251.75","kPa"
"351","2007-04-11 01:42:04","840.04","mg/Dl"
"600","2005-01-09 13:57:33","110.04","mg/Dl"
"40","2012-09-12 01:28:12","722.94","mg/Dl"
"931","2010-05-31 04:28:12","623.00","mg/Dl"
"860","2006-06-28 09:23:42","232.80","mg/Dl"
"451","2013-02-15 03:33:14","626.83","kPa"
"813","2017-06-01 23:49:57","726.93","kPa"
"625","2009-08-12 07:43:28","71.09","mg/Dl"
"357","2009-05-22 15:10:15","360.37","mg/Dl"
"723","2013-02-16 02:37:32","850.43","mg/Dl"
"793","2007-08-22 13:18:24","661.87","kPa"
"4","2010-09-20 23:39:18","605.96","kPa"
"805","2015-11-26 19:49:17","220.11","kPa"
"152","2008-07-07 01:59:59","524.07","mg/Dl"
"225","2017-01-23 01:20:27","993.35","mg/Dl"
"440","2010-05-23 07:48:26","461.97","mg/Dl"
"863","2016-12-21 15:39:05","177.37","kPa"
"694","2010-02-23 06:32:53","646.00","mg/Dl"
"834","2014-09-13 20:39:33","401.58","mg/Dl"
"332","2015-07-11 13:38:16","492.43","kPa"
"275","2012-10-10 06:06:14","674.83","mg/Dl"
"610","2008-12-15 02:12:08","637.31","mg/Dl"
"982","2012-05-21 13:19:19","575.75","mg/Dl"
"416","2011-03-31 22:06:12","212.02","kPa"
"869","2008-06-15 16:42:49","739.12","mg/Dl"
"376","2006-06-06 04:42:28","516.00","kPa"
"658","2009-12-08 18:02:39","490.42","mg/Dl"
"323","2008-09-25 08:31:37","103.27","mg/Dl"
"189","2015-02-20 20:54:09","243.00","kPa"
"649","2016-09-04 17:22:36","574.67","mg/Dl"
"84","2014-06-09 03:22:31","913.30","mg/Dl"
"669","2012-07-08 20:36:52","42.51","mg/Dl"
"45","2010-04-26 01:40:20","503.35","kPa"
"146","2007-11-22 20:56:19","876.74","mg/Dl"
"9","2009-09-15 13:59:31","219.65","kPa"
"720","2017-07-08 12:05:57","346.19","kPa"
"372","2006-07-31 21:42:00","73.43","mg/Dl"
"172","2011-06-03 18:12:17","609.63","mg/Dl"
"710","2010-11-23 02:59:35","69.23","kPa"
"739","2006-02-16 15:50:33","990.12","mg/Dl"
"267","2005-11-09 06:18:14","522.59","mg/Dl"
"938","2015-08-31 10:43:13","963.26","mg/Dl"
"67","2008-01-08 16:44:32","140.09","kPa"
"25","2005-08-21 19:46:15","12.34","kPa"
"330","2008-12-15 22:54:42","587.37","kPa"
"358","2006-04-01 14:58:22","738.48","kPa"
"285","2007-04-22 22:44:48","907.01","mg/Dl"
"193","2016-11-07 14:31:30","974.63","kPa"
"720","2014-05-18 13:46:47","324.99","kPa"
"69","2011-07-19 23:03:28","332.18","mg/Dl"
"614","2013-03-17 15:54:42","402.72","mg/Dl"
"502","2016-07-29 19:53:26","627.80","kPa"
"784","2007-10-11 22:01:20","803.58","mg/Dl"
"842","2016-01-04 01:57:28","94.60","mg/Dl"
"739","2008-01-17 12:59:09","6.61","kPa"
"194","2008-08-24 12:40:49","603.28","mg/Dl"
"81","2014-10-16 00:33:34","422.99","kPa"
"674","2006-11-30 10:29:04","309.37","kPa"
"683","2017-04-24 22:14:28","567.97","mg/Dl"
"160","2009-03-15 02:09:49","35.90","mg/Dl"
"968","2011-11-13 16:45:55","175.99","mg/Dl"
"34","2014-07-06 21:33:34","207.65","kPa"
"882","2012-01-01 19:59:20","590.34","kPa"
"622","2012-08-30 13:24:35","512.48","kPa"
"580","2016-05-12 17:19:34","31.64","kPa"
"442","2012-04-03 13:03:34","495.39","kPa"
"809","2012-11-08 23:35:36","777.99","kPa"
"985","2017-09-23 03:59:22","636.09","mg/Dl"
"364","2016-04-04 15:45:12","150.84","mg/Dl"
"817","2006-02-18 18:27:31","846.18","mg/Dl"
"730","2017-04-15 06:46:29","977.78","mg/Dl"
"771","2005-08-03 11:07:29","797.72","kPa"
"643","2011-10-28 14:52:52","828.87","mg/Dl"
"515","2016-05-07 17:36:28","692.22","kPa"
"968","2011-05-21 02:47:47","436.63","kPa"
"564","2012-09-28 08:19:15","455.09","mg/Dl"
"87","2016-01-03 23:06:08","900.41","mg/Dl"
"503","2005-07-27 09:37:01","431.80","kPa"
"258","2005-06-04 18:24:06","339.37","kPa"
"142","2015-09-29 16:25:12","332.50","kPa"
"747","2008-03-07 07:52:15","839.48","kPa"
"791","2017-11-22 18:23:18","864.47","mg/Dl"
"577","2011-11-16 03:45:36","791.53","kPa"
"255","2016-01-22 16:03:37","476.27","kPa"
"720","2005-04-20 06:58:39","940.40","mg/Dl"
"416","2010-07-05 12:45:48","263.22","mg/Dl"
"915","2011-07-31 11:05:38","768.21","kPa"
"216","2016-06-19 21:58:58","27.00","kPa"
"864","2012-10-21 04:55:23","775.06","kPa"
"697","2016-08-18 03:20:20","998.33","kPa"
"978","2014-05-07 22:05:56","62.97","kPa"
"678","2014-03-18 02:17:48","902.81","mg/Dl"
"359","2009-03-21 05:29:05","587.88","kPa"
"426","2010-09-26 09:23:41","38.41","mg/Dl"
"58","2014-08-08 13:40:51","939.47","mg/Dl"
"50","2009-06-24 10:49:19","327.24","mg/Dl"
"658","2014-12-20 02:07:01","411.80","kPa"
"948","2007-04-01 18:52:22","971.56","mg/Dl"
"505","2009-04-20 17:58:28","13.83","kPa"
"558","2013-01-25 04:55:30","280.59","mg/Dl"
"643","2008-06-01 16:10:21","466.94","kPa"
"1","2011-09-21 12:58:50","413.31","kPa"
"65","2015-12-17 03:19:35","877.16","kPa"
"937","2017-08-23 09:13:21","505.67","kPa"
"457","2015-04-28 15:32:00","838.25","kPa"
"193","2007-08-25 20:49:36","797.85","kPa"
"295","2017-12-01 11:10:01","105.42","kPa"
"808","2012-08-09 20:42:21","656.58","kPa"
"961","2014-09-06 13:02:29","519.09","kPa"
"872","2005-07-11 23:20:12","585.12","kPa"
"332","2006-06-30 17:16:32","597.60","kPa"
"590","2010-09-17 22:01:02","543.74","kPa"
"480","2011-08-28 21:45:01","655.03","kPa"
"194","2009-11-14 05:41:31","858.76","kPa"
"340","2013-01-17 22:11:14","633.56","kPa"
"97","2009-08-04 13:17:35","198.42","mg/Dl"
"991","2010-07-15 13:27:29","225.25","kPa"
"539","2009-09-03 12:40:00","138.68","mg/Dl"
"142","2009-04-03 00:23:22","649.19","kPa"
"291","2011-06-02 09:21:09","657.44","kPa"
"656","2006-02-14 17:28:25","458.52","mg/Dl"
"643","2010-10-31 04:41:23","986.55","kPa"
"399","2015-04-07 15:17:26","489.39","mg/Dl"
"573","2010-11-15 08:51:03","951.00","mg/Dl"
"179","2005-05-20 13:01:04","996.70","kPa"
"773","2009-07-08 13:52:24","644.12","kPa"
"818","2007-11-21 00:58:51","818.04","kPa"
"759","2012-03-23 13:38:51","766.46","mg/Dl"
"364","2006-01-31 23:22:33","190.61","mg/Dl"
"705","2009-09-08 18:55:26","511.19","kPa"
"869","2017-08-22 00:47:29","439.70","mg/Dl"
"730","2009-04-13 22:07:46","655.95","mg/Dl"
"296","2016-01-27 00:57:46","941.61","mg/Dl"
"113","2007-01-03 08:57:33","744.04","kPa"
"416","2006-08-30 23:54:34","518.93","kPa"
"672","2009-08-07 13:54:15","457.83","kPa"
"369","2015-07-09 22:23:11","186.51","kPa"
"948","2017-01-29 23:06:52","634.83","kPa"
"58","2009-11-08 10:09:40","70.96","mg/Dl"
"924","2017-01-31 21:59:49","809.61","kPa"
"937","2011-12-19 05:10:04","464.61","mg/Dl"
"178","2010-10-31 11:01:53","718.59","mg/Dl"
"92","2013-01-15 03:06:30","641.23","kPa"
"761","2008-08-26 15:59:13","244.73","mg/Dl"
"9","2009-10-08 01:33:19","2.58","mg/Dl"
"853","2011-02-20 06:44:08","747.00","kPa"
"993","2015-10-27 22:57:28","791.88","kPa"
"457","2008-09-03 20:52:08","385.42","kPa"
"248","2011-12-28 14:37:20","406.01","mg/Dl"
"765","2011-09-24 10:09:27","766.57","kPa"
"640","2017-01-09 17:54:55","869.15","mg/Dl"
"960","2017-08-19 14:27:38","171.40","mg/Dl"
"782","2009-12-06 02:26:22","356.42","kPa"
"835","2017-02-26 00:41:51","543.81","kPa"
"163","2007-05-25 05:33:28","538.90","kPa"
"870","2011-01-16 06:05:31","896.45","mg/Dl"
"692","2011-09-05 10:36:38","678.06","mg/Dl"
"604","2007-05-14 00:06:00","491.11","kPa"
"323","2011-06-26 15:27:51","746.04","kPa"
"972","2008-02-14 06:30:14","64.73","kPa"
"223","2013-09-04 18:16:22","760.96","kPa"
"851","2017-12-24 04:08:10","64.48","kPa"
"198","2014-05-28 09:12:18","79.06","kPa"
"854","2017-08-30 07:42:48","723.83","mg/Dl"
"875","2007-10-08 04:18:12","605.07","mg/Dl"
"972","2008-10-25 23:28:07","327.83","kPa"
"705","2017-02-10 17:19:13","2.10","mg/Dl"
"712","2010-01-24 01:30:47","983.50","mg/Dl"
"653","2012-02-25 13:53:35","684.84","mg/Dl"
"95","2013-10-28 19:32:10","8.41","mg/Dl"
"805","2012-05-08 15:00:08","54.99","kPa"
"272","2005-08-17 00:14:18","886.97","kPa"
"839","2008-10-14 17:53:58","424.46","mg/Dl"
"709","2006-04-23 01:20:50","904.16","mg/Dl"
"315","2007-12-22 05:33:30","915.20","kPa"
"518","2009-07-03 15:08:56","665.96","mg/Dl"
"931","2009-07-21 02:17:17","320.96","kPa"
"478","2007-06-29 12:48:33","946.14","kPa"
"478","2014-01-10 23:58:08","166.39","kPa"
"674","2011-09-22 05:24:43","681.18","kPa"
"97","2006-05-05 08:22:06","655.83","mg/Dl"
"983","2013-03-08 06:24:37","567.76","kPa"
"293","2005-02-18 05:45:02","724.14","kPa"
"504","2017-08-07 08:51:19","26.52","mg/Dl"
"909","2012-09-08 16:37:54","295.27","kPa"
"514","2008-07-09 03:22:30","287.45","kPa"
"972","2007-10-04 17:03:25","132.55","kPa"
"192","2012-10-08 21:05:04","858.64","mg/Dl"
"20","2007-05-27 11:35:00","295.03","kPa"
"157","2010-03-02 16:23:44","572.60","mg/Dl"
"875","2016-11-28 05:09:00","364.11","mg/Dl"
"672","2014-01-23 05:58:35","2.36","kPa"
"371","2014-10-24 11:40:27","897.89","mg/Dl"
"170","2006-11-21 00:52:16","119.87","kPa"
"994","2014-03-08 20:19:13","330.52","kPa"
"322","2015-09-21 18:09:02","278.34","mg/Dl"
"529","2005-05-16 20:35:00","40.25","kPa"
"755","2013-05-29 00:00:49","660.73","mg/Dl"
"348","2014-10-06 01:21:26","43.65","kPa"
"926","2006-02-03 23:36:32","300.74","mg/Dl"
"12","2006-06-13 15:53:33","668.49","kPa"
"854","2017-03-27 04:29:52","280.87","kPa"
"472","2011-11-26 13:50:48","253.33","kPa"
"480","2015-03-08 01:45:46","200.98","mg/Dl"
"676","2005-07-15 00:23:20","7.23","mg/Dl"
"21","2005-03-06 15:39:56","28.24","kPa"
"330","2006-04-11 04:03:43","432.85","mg/Dl"
"652","2013-01-18 06:00:49","847.80","kPa"
"352","2008-02-17 23:03:59","417.98","kPa"
"374","2015-04-11 18:33:07","277.09","kPa"
"482","2011-08-18 20:37:01","183.00","mg/Dl"
"784","2017-08-24 10:41:57","654.33","mg/Dl"
"770","2007-01-30 02:50:49","640.52","kPa"
"808","2013-11-27 18:50:22","913.56","mg/Dl"
"416","2012-10-07 10:18:10","482.19","kPa"
"656","2006-11-08 15:12:49","989.61","kPa"
"877","2011-04-10 07:06:21","18.68","kPa"
"456","2008-08-04 09:20:57","913.81","kPa"
"419","2015-12-25 22:08:58","722.61","mg/Dl"
"565","2015-07-18 05:57:28","545.16","mg/Dl"
"232","2005-09-17 19:10:09","777.96","kPa"
"266","2017-03-30 13:16:59","296.38","kPa"
"533","2007-10-29 15:10:10","141.55","mg/Dl"
"848","2011-09-09 19:45:52","746.24","mg/Dl"
"957","2009-05-03 16:05:46","544.79","kPa"
"207","2016-08-25 07:06:08","747.96","mg/Dl"
"31","2005-07-23 06:38:02","82.13","kPa"
"443","2016-06-11 22:42:20","443.19","mg/Dl"
"723","2013-08-06 22:06:24","75.19","kPa"
"831","2013-01-07 05:00:29","445.61","mg/Dl"
"387","2009-01-09 18:17:41","499.02","mg/Dl"
"515","2006-01-16 22:45:52","669.68","kPa"
"769","2017-12-20 20:23:41","595.34","kPa"
"136","2013-07-30 10:49:55","727.95","mg/Dl"
"675","2007-03-09 20:40:19","262.61","mg/Dl"
"415","2016-01-11 07:32:24","213.13","mg/Dl"
"799","2006-10-23 04:17:01","247.53","kPa"
"809","2015-05-04 03:31:00","304.42","mg/Dl"
"87","2009-06-20 08:51:20","108.95","kPa"
"741","2005-07-16 16:54:23","106.34","mg/Dl"
"448","2011-11-14 13:27:16","881.61","mg/Dl"
"443","2017-02-12 08:20:29","633.64","kPa"
"776","2007-09-13 06:30:37","532.96","mg/Dl"
"297","2015-04-13 08:25:16","920.37","kPa"
"591","2012-02-22 02:59:37","835.96","kPa"
"134","2017-01-19 21:54:44","950.92","kPa"
"122","2014-11-13 23:06:17","528.81","mg/Dl"
"873","2007-05-16 07:54:12","914.95","mg/Dl"
"35","2008-12-25 10:14:04","410.99","kPa"
"155","2014-05-30 13:42:59","179.67","kPa"
"756","2013-01-30 20:22:46","844.24","mg/Dl"
"683","2014-10-26 07:46:02","686.26","mg/Dl"
"968","2017-09-06 01:44:30","454.43","mg/Dl"
"493","2017-03-22 08:23:20","622.50","mg/Dl"
"40","2012-03-12 11:27:58","334.34","kPa"
"251","2014-09-26 04:19:10","940.62","kPa"
"334","2010-12-09 09:55:03","849.48","kPa"
"155","2012-07-18 18:33:30","895.49","kPa"
"404","2014-07-13 09:59:39","75.65","mg/Dl"
"694","2017-01-24 06:18:53","418.66","mg/Dl"
"477","2012-05-12 18:13:12","725.42","mg/Dl"
"228","2013-01-22 11:56:15","42.33","kPa"
"982","2016-08-08 23:26:23","132.67","mg/Dl"
"518","2005-01-26 03:03:59","795.84","kPa"
"155","2014-09-16 22:17:01","894.61","kPa"
"146","2009-01-31 13:03:03","145.34","kPa"
"801","2011-07-15 14:02:36","257.00","kPa"
"911","2007-04-03 09:01:23","593.57","mg/Dl"
"756","2016-09-16 16:26:48","360.87","mg/Dl"
"816","2016-10-01 02:30:44","36.15","kPa"
"445","2005-07-02 15:46:57","342.70","mg/Dl"
"241","2011-10-31 09:39:28","749.19","kPa"
"943","2010-04-24 18:03:34","741.09","kPa"
"986","2007-06-03 03:17:44","901.44","mg/Dl"
"893","2008-12-05 00:09:23","162.07","kPa"
"374","2017-09-05 07:51:19","513.66","kPa"
"94","2016-02-29 10:20:44","95.43","mg/Dl"
"155","2011-01-28 21:03:05","677.68","kPa"
"503","2007-03-24 10:12:53","762.49","mg/Dl"
"38","2014-07-05 07:50:33","772.62","kPa"
"221","2015-08-05 10:49:28","970.93","kPa"
"474","2009-02-04 11:26:44","133.69","mg/Dl"
"427","2006-04-21 13:38:21","917.32","kPa"
"872","2014-11-24 19:53:19","719.42","kPa"
"46","2011-12-11 08:52:54","429.11","mg/Dl"
"899","2017-02-18 17:30:01","450.98","kPa"
"589","2011-12-20 22:47:03","193.14","kPa"
"439","2013-03-02 20:46:46","47.95","mg/Dl"
"858","2016-08-06 23:42:40","450.39","mg/Dl"
"993","2017-10-11 01:53:50","929.24","kPa"
"123","2016-02-03 02:09:21","520.73","kPa"
"837","2012-03-19 07:09:45","478.74","kPa"
"134","2007-01-19 08:55:40","386.35","mg/Dl"
"84","2013-02-02 23:36:31","167.97","kPa"
"393","2007-08-06 04:32:25","638.53","mg/Dl"
"262","2007-07-21 12:16:46","483.45","mg/Dl"
"756","2008-09-28 11:57:49","65.44","mg/Dl"
"656","2010-02-01 05:03:00","705.06","kPa"
"441","2017-03-11 22:35:33","415.02","kPa"
"966","2012-09-01 09:58:31","530.76","mg/Dl"
"656","2017-07-19 17:44:29","748.55","mg/Dl"
"498","2014-12-26 13:56:38","629.42","kPa"
"242","2009-04-14 18:13:09","850.70","kPa"
"330","2016-11-25 23:09:16","41.34","mg/Dl"
"675","2005-09-06 05:31:21","378.05","mg/Dl"
"322","2016-12-30 20:57:19","126.90","mg/Dl"
"692","2013-09-08 18:14:23","509.95","mg/Dl"
"274","2017-11-28 01:45:04","509.58","kPa"
"168","2005-03-16 00:57:38","467.04","mg/Dl"
"848","2009-03-06 17:47:32","267.68","kPa"
"908","2005-08-02 10:02:20","240.25","kPa"
"232","2015-05-30 05:14:41","926.84","mg/Dl"
"568","2008-07-31 03:36:10","535.21","kPa"
"498","2008-11-07 10:42:32","597.87","kPa"
"101","2010-11-19 02:59:14","298.19","mg/Dl"
"267","2014-02-08 19:04:18","723.92","mg/Dl"
"451","2017-06-04 10:13:02","213.63","mg/Dl"
"224","2013-11-24 10:06:48","259.47","mg/Dl"
"739","2005-07-21 01:58:35","421.28","kPa"
"914","2012-08-04 03:24:26","939.67","kPa"
"817","2005-09-04 13:47:53","12.66","kPa"
"460","2015-06-30 06:50:41","430.00","mg/Dl"
"956","2015-02-20 12:36:44","959.29","mg/Dl"
"800","2005-10-25 10:55:34","218.19","kPa"
"870","2008-06-26 02:04:37","275.64","mg/Dl"
"797","2015-03-15 18:37:50","846.97","kPa"
"730","2006-11-18 05:13:05","910.53","kPa"
"270","2015-09-02 12:20:35","538.77","mg/Dl"
"968","2017-07-03 22:09:14","25.52","mg/Dl"
"93","2009-04-15 12:32:24","61.95","kPa"
"262","2005-07-06 00:19:10","596.25","mg/Dl"
"851","2012-12-22 06:39:22","290.95","kPa"
"629","2013-07-06 13:07:55","252.51","kPa"
"155","2011-05-11 04:28:30","855.49","kPa"
"815","2010-10-27 18:46:05","750.02","mg/Dl"
"438","2006-01-09 23:32:32","420.93","kPa"
"123","2009-12-04 19:36:01","687.69","mg/Dl"
"823","2006-12-21 22:14:40","936.18","mg/Dl"
"769","2008-10-29 20:12:21","999.32","kPa"
"990","2016-12-24 04:28:00","896.52","mg/Dl"
"818","2007-07-17 02:54:14","261.10","mg/Dl"
"894","2015-09-21 13:05:00","646.03","kPa"
"93","2010-07-11 18:46:25","73.06","mg/Dl"
"293","2017-09-13 09:11:28","664.25","mg/Dl"
"785","2016-04-09 08:09:26","252.19","kPa"
"188","2012-04-16 06:43:50","899.00","kPa"
"807","2005-01-26 01:56:07","581.37","mg/Dl"
"46","2014-12-08 10:33:49","605.42","kPa"
"284","2006-03-23 22:42:26","606.49","mg/Dl"
"690","2009-12-26 15:40:50","991.00","kPa"
"6","2016-03-28 09:45:29","882.81","kPa"
"684","2007-08-27 13:47:12","737.11","kPa"
"42","2017-08-23 00:09:01","14.30","kPa"
"128","2012-12-11 18:00:37","236.53","mg/Dl"
"835","2014-05-19 13:12:36","379.65","kPa"
"46","2017-04-22 00:48:54","49.56","kPa"
"587","2009-02-20 13:55:22","125.57","mg/Dl"
"567","2006-12-11 08:16:27","611.38","mg/Dl"
"129","2008-02-09 02:16:26","563.11","mg/Dl"
"940","2011-05-19 11:51:47","923.43","kPa"
"455","2017-02-16 13:12:00","709.77","kPa"
"94","2012-12-04 22:21:42","710.09","kPa"
"572","2015-10-28 05:47:53","268.12","mg/Dl"
"884","2015-06-23 02:43:02","27.84","kPa"
"747","2007-02-21 01:24:24","660.26","mg/Dl"
"46","2016-07-29 09:03:16","363.56","kPa"
"16","2016-10-29 02:51:42","891.18","mg/Dl"
"840","2013-09-10 11:29:15","965.11","mg/Dl"
"769","2014-10-10 05:19:59","489.86","kPa"
"888","2014-08-02 10:35:37","204.12","mg/Dl"
"84","2012-09-30 03:49:10","775.22","kPa"
"851","2016-02-17 18:45:05","698.00","mg/Dl"
"426","2008-10-13 05:32:02","367.48","mg/Dl"
"720","2005-12-04 08:50:06","314.26","mg/Dl"
"310","2014-05-31 06:38:41","571.46","mg/Dl"
"376","2017-10-11 09:11:31","972.27","mg/Dl"
"970","2007-12-16 17:15:26","805.48","mg/Dl"
"443","2008-12-16 01:34:05","850.09","kPa"
"768","2009-02-20 10:12:41","151.38","mg/Dl"
"701","2007-10-11 15:53:59","530.53","kPa"
"34","2013-08-18 03:26:30","822.91","kPa"
"73","2010-02-01 21:20:31","191.64","mg/Dl"
"71","2014-07-05 12:47:53","560.45","mg/Dl"
"639","2009-05-09 10:23:28","902.19","kPa"
"825","2006-06-11 07:00:24","782.29","mg/Dl"
"922","2009-10-21 22:38:59","739.48","kPa"
"67","2012-08-17 02:48:43","580.88","kPa"
"956","2009-02-28 10:28:41","950.35","kPa"
"442","2013-04-21 23:50:11","125.47","mg/Dl"
"680","2007-09-14 03:31:55","951.02","mg/Dl"
"95","2006-06-05 21:52:56","701.75","mg/Dl"
"166","2010-07-20 14:10:08","157.72","mg/Dl"
"69","2009-03-26 07:18:12","918.92","mg/Dl"
"851","2007-08-28 12:08:21","589.27","mg/Dl"
"432","2013-11-06 00:43:24","682.63","mg/Dl"
"251","2015-01-08 08:48:20","842.09","kPa"
"842","2015-06-17 04:51:56","459.71","mg/Dl"
"273","2014-05-13 18:46:11","443.49","mg/Dl"
"458","2005-12-01 13:15:29","441.13","kPa"
"923","2014-05-06 00:05:18","105.86","mg/Dl"
"875","2010-12-30 04:27:30","190.20","mg/Dl"
"169","2006-07-21 03:20:39","973.17","mg/Dl"
"723","2005-07-19 10:40:54","694.30","kPa"
"733","2005-10-18 01:13:41","344.72","mg/Dl"
"799","2007-03-14 17:45:04","823.03","kPa"
"258","2015-07-23 08:14:05","425.55","kPa"
"407","2009-08-10 02:05:25","640.98","kPa"
"202","2015-10-06 08:33:06","567.41","kPa"
"168","2011-07-11 00:42:20","887.60","mg/Dl"
"920","2010-11-09 12:32:08","981.82","mg/Dl"
"176","2016-08-30 17:31:40","984.43","mg/Dl"
"456","2007-07-15 13:38:10","611.36","mg/Dl"
"24","2005-03-03 18:48:15","874.73","mg/Dl"
"128","2017-10-18 00:54:11","398.18","mg/Dl"
"841","2015-12-17 14:54:58","763.65","kPa"
"274","2013-09-05 12:13:13","578.37","kPa"
"225","2009-10-16 09:03:24","778.74","mg/Dl"
"633","2015-04-11 22:46:25","425.34","mg/Dl"
"194","2005-08-26 09:10:20","787.04","mg/Dl"
"873","2005-02-21 00:01:16","459.99","mg/Dl"
"505","2006-05-19 03:08:58","114.04","mg/Dl"
"561","2016-04-02 08:01:38","13.71","kPa"
"717","2006-02-21 15:38:25","943.41","kPa"
"451","2014-06-26 09:08:17","973.92","kPa"
"107","2015-04-12 17:42:28","418.18","mg/Dl"
"775","2017-04-15 13:34:50","941.43","kPa"
"448","2013-06-17 15:48:57","303.18","mg/Dl"
"982","2011-11-27 00:47:38","90.91","kPa"
"575","2007-07-01 18:07:48","844.11","mg/Dl"
"658","2009-11-10 01:34:11","38.47","kPa"
"759","2014-02-19 20:55:21","716.31","mg/Dl"
"207","2016-12-01 01:16:18","595.76","mg/Dl"
"50","2011-12-12 00:30:58","691.32","kPa"
"540","2010-12-02 09:30:20","622.34","kPa"
"886","2009-09-08 20:58:07","564.06","mg/Dl"
"327","2008-06-18 13:27:15","296.63","mg/Dl"
"185","2007-08-15 18:15:27","628.94","kPa"
"668","2012-09-05 01:56:11","109.87","mg/Dl"
"929","2013-02-14 03:27:56","427.66","kPa"
"32","2017-02-26 07:25:26","173.56","kPa"
"224","2008-02-15 19:56:41","923.60","kPa"
"489","2014-09-17 19:06:14","23.97","mg/Dl"
"254","2012-03-14 14:08:37","700.23","mg/Dl"
"936","2005-01-22 13:21:04","840.11","mg/Dl"
"712","2017-09-02 04:03:47","200.30","kPa"
"817","2008-05-07 10:46:08","775.88","mg/Dl"
"189","2006-04-10 06:54:02","586.58","kPa"
"897","2006-02-16 02:55:53","181.36","kPa"
"35","2012-09-10 22:08:05","137.01","kPa"
"275","2017-11-04 22:25:19","670.39","kPa"
"818","2015-06-29 01:05:39","511.38","kPa"
"463","2015-06-16 12:22:34","926.97","mg/Dl"
"358","2010-12-05 01:51:06","21.80","mg/Dl"
"455","2013-06-06 04:48:19","555.41","mg/Dl"
"772","2010-04-04 13:36:16","687.12","mg/Dl"
"189","2006-05-28 08:32:38","219.65","kPa"
"73","2007-06-29 01:05:43","285.86","mg/Dl"
"201","2011-11-04 17:25:02","417.08","kPa"
"317","2007-08-13 23:58:22","481.23","mg/Dl"
"440","2013-09-27 01:18:33","947.64","kPa"
"502","2010-12-14 10:50:52","966.89","mg/Dl"
"587","2014-02-04 14:03:50","7.71","mg/Dl"
"825","2015-01-24 19:46:33","265.62","kPa"
"639","2016-09-04 11:02:43","723.89","kPa"
"924","2011-11-16 06:15:06","553.87","kPa"
"999","2005-04-02 15:27:26","286.18","kPa"
"231","2016-12-17 07:16:54","632.11","mg/Dl"
"288","2008-09-20 09:09:00","915.03","mg/Dl"
"301","2008-08-14 20:59:01","818.11","kPa"
"700","2014-09-27 09:18:50","49.25","kPa"
"882","2012-08-07 21:49:30","213.63","kPa"
"723","2013-11-10 21:21:50","50.36","kPa"
"904","2007-04-30 06:24:13","44.70","mg/Dl"
"352","2005-02-07 15:54:48","636.91","mg/Dl"
"717","2010-10-30 01:48:55","863.74","kPa"
"515","2012-09-20 08:51:35","273.64","kPa"
"901","2009-09-16 18:40:38","544.36","kPa"
"783","2013-08-15 23:25:21","6.11","kPa"
"373","2005-05-26 22:23:26","616.13","mg/Dl"
"619","2012-04-15 02:54:53","240.02","mg/Dl"
"80","2009-05-07 00:31:12","447.86","kPa"
"808","2008-11-23 22:18:12","784.65","mg/Dl"
"797","2011-08-25 11:08:18","670.69","kPa"
"924","2015-12-13 14:09:09","5.89","mg/Dl"
"806","2013-10-24 23:19:36","563.40","mg/Dl"
"189","2008-10-27 13:17:12","140.47","kPa"
"89","2015-06-28 11:29:05","634.44","mg/Dl"
"202","2009-08-10 10:29:09","11.13","mg/Dl"
"625","2017-08-29 12:28:50","511.99","kPa"
"210","2006-05-21 12:58:53","431.78","mg/Dl"
"225","2013-12-16 06:52:11","383.15","mg/Dl"
"461","2015-05-03 12:37:03","211.30","kPa"
"692","2015-03-01 00:27:55","446.54","kPa"
"640","2012-06-30 15:15:29","639.18","mg/Dl"
"101","2015-04-03 23:05:53","203.43","kPa"
"915","2011-08-02 21:19:04","781.57","mg/Dl"
"768","2012-01-28 13:43:07","407.72","kPa"
"248","2008-07-29 19:04:12","523.67","kPa"
"189","2006-05-03 19:05:01","325.45","mg/Dl"
"929","2010-10-12 04:30:48","584.58","kPa"
"874","2015-09-18 12:14:31","772.57","mg/Dl"
"573","2012-05-27 18:38:43","302.91","mg/Dl"
"808","2009-02-13 01:39:19","562.50","mg/Dl"
"700","2015-11-14 19:22:48","771.49","mg/Dl"
"172","2006-01-10 11:34:25","311.92","mg/Dl"
"392","2012-06-25 15:00:50","392.99","kPa"
"331","2012-06-11 12:42:06","536.89","kPa"
"119","2015-04-29 23:18:31","468.04","mg/Dl"
"797","2015-04-14 00:41:44","87.90","mg/Dl"
"39","2011-04-01 02:40:01","424.08","kPa"
"491","2005-10-26 17:13:40","889.91","kPa"
"676","2006-09-20 23:04:07","487.12","kPa"
"429","2016-11-15 05:47:15","795.53","mg/Dl"
"255","2014-04-14 20:03:59","305.82","mg/Dl"
"73","2005-04-24 22:11:18","949.47","kPa"
"134","2013-01-26 21:30:46","404.51","mg/Dl"
"382","2017-06-11 10:32:45","180.07","kPa"
"285","2007-10-03 08:09:44","591.81","mg/Dl"
"37","2017-01-16 14:33:47","559.97","mg/Dl"
"694","2005-09-04 16:36:47","136.55","mg/Dl"
"689","2009-07-30 01:17:46","846.97","kPa"
"373","2017-06-17 05:00:52","772.56","kPa"
"980","2015-07-28 11:40:18","166.91","mg/Dl"
"573","2017-10-11 00:06:06","366.18","mg/Dl"
"669","2014-03-03 20:39:57","121.55","mg/Dl"
"282","2015-09-01 13:49:53","412.24","kPa"
"457","2008-12-28 03:33:14","792.62","kPa"
"61","2013-04-29 18:30:00","778.24","mg/Dl"
"254","2017-09-22 07:08:53","613.07","mg/Dl"
"929","2016-01-17 20:07:54","237.19","mg/Dl"
"278","2013-12-21 03:53:15","239.68","kPa"
"97","2011-07-04 18:16:49","85.42","kPa"
"600","2005-03-22 22:54:57","790.84","mg/Dl"
"469","2011-05-02 19:47:12","382.49","mg/Dl"
"341","2012-06-12 06:26:08","714.99","mg/Dl"
"778","2008-09-07 21:34:29","252.97","kPa"
"683","2013-10-10 19:18:53","189.69","mg/Dl"
"931","2011-10-02 21:19:10","8.03","kPa"
"951","2016-01-17 22:08:45","80.40","kPa"
"113","2008-06-19 14:20:28","163.18","kPa"
"507","2008-01-21 21:48:42","828.08","kPa"
"883","2008-07-02 20:25:44","406.51","mg/Dl"
"242","2006-05-20 00:32:32","104.30","kPa"
"834","2013-06-05 08:02:48","200.20","kPa"
"512","2006-03-12 01:09:51","43.96","kPa"
"772","2011-12-13 10:28:15","543.22","mg/Dl"
"990","2016-01-11 18:39:06","414.25","kPa"
"961","2012-09-15 23:31:32","880.87","kPa"
"457","2015-04-16 03:08:48","231.98","kPa"
"815","2015-03-20 09:53:45","691.09","kPa"
"59","2005-01-18 16:28:26","331.86","mg/Dl"
"635","2008-07-31 06:03:01","709.40","kPa"
"929","2013-10-04 01:43:39","900.20","kPa"
"957","2011-11-17 20:49:57","454.36","mg/Dl"
"574","2017-06-03 15:49:10","408.87","mg/Dl"
"719","2016-06-24 16:44:04","891.39","mg/Dl"
"137","2016-07-03 21:20:29","55.20","mg/Dl"
"494","2010-12-21 18:13:37","10.40","kPa"
"675","2009-07-03 20:45:12","277.55","mg/Dl"
"685","2017-05-24 21:47:12","407.25","kPa"
"251","2014-01-28 18:23:57","171.59","mg/Dl"
"860","2007-08-27 07:41:48","841.51","mg/Dl"
"937","2006-02-09 11:00:25","378.30","mg/Dl"
"904","2016-09-03 21:55:15","215.24","mg/Dl"
"936","2014-10-04 01:18:14","905.30","mg/Dl"
"567","2010-10-22 07:10:52","577.25","mg/Dl"
"968","2013-03-18 18:35:33","234.34","mg/Dl"
"477","2012-03-14 02:17:39","31.54","mg/Dl"
"813","2007-09-12 01:17:51","269.53","mg/Dl"
"829","2013-05-13 08:58:25","822.74","mg/Dl"
"720","2010-10-02 16:30:50","205.47","mg/Dl"
"699","2008-01-02 18:59:55","217.32","mg/Dl"
"835","2009-03-16 22:24:28","208.08","mg/Dl"
"614","2015-08-28 06:54:59","9.35","kPa"
"653","2008-02-10 20:02:18","72.40","mg/Dl"
"712","2012-08-18 00:31:46","792.39","mg/Dl"
"51","2016-04-30 01:54:15","372.84","mg/Dl"
"469","2015-07-09 07:55:06","371.75","kPa"
"851","2008-12-11 00:03:30","377.83","mg/Dl"
"827","2013-02-23 06:09:18","490.31","mg/Dl"
"904","2008-01-26 11:51:41","440.58","mg/Dl"
"817","2008-01-02 10:20:40","128.94","kPa"
"374","2012-02-12 23:23:54","182.34","kPa"
"617","2016-04-11 02:19:46","71.72","kPa"
"767","2016-07-11 21:45:46","488.71","kPa"
"260","2012-06-04 04:31:09","826.53","mg/Dl"
"572","2008-08-24 11:07:02","780.55","mg/Dl"
"772","2013-09-10 07:59:54","820.45","kPa"
"364","2010-09-22 04:56:04","790.54","kPa"
"285","2006-11-16 15:55:29","583.98","mg/Dl"
"173","2008-02-05 15:31:58","967.08","kPa"
"364","2011-12-29 22:43:53","261.69","kPa"
"157","2017-06-13 04:13:55","887.55","kPa"
"293","2011-08-01 17:04:00","682.64","kPa"
"864","2016-06-19 00:16:36","641.97","mg/Dl"
"756","2010-07-27 01:13:31","661.32","mg/Dl"
"561","2016-02-15 12:12:57","949.60","mg/Dl"
"429","2014-10-27 04:17:28","529.22","kPa"
"9","2009-12-24 12:32:46","901.87","kPa"
"983","2008-01-24 19:40:49","792.93","mg/Dl"
"976","2015-07-07 22:07:11","243.65","kPa"
"286","2017-05-15 22:56:17","534.17","mg/Dl"
"857","2016-12-21 17:11:08","275.60","kPa"
"228","2016-11-26 18:47:10","791.62","mg/Dl"
"640","2017-06-26 09:32:19","997.00","kPa"
"154","2006-07-16 21:35:36","855.45","mg/Dl"
"498","2010-07-16 01:44:39","432.08","mg/Dl"
"340","2010-06-24 10:10:47","653.19","mg/Dl"
"368","2011-10-15 00:21:26","63.79","mg/Dl"
"835","2014-02-21 10:47:15","275.82","kPa"
"399","2009-05-08 12:29:15","513.51","kPa"
"600","2011-05-21 20:18:24","82.58","kPa"
"689","2015-08-28 11:13:46","581.04","mg/Dl"
"491","2017-10-20 16:41:41","705.13","kPa"
"341","2013-02-23 18:12:38","228.21","mg/Dl"
"656","2015-08-11 03:11:51","947.49","kPa"
"806","2013-05-22 11:06:03","235.79","kPa"
"374","2008-02-03 12:30:20","929.19","mg/Dl"
"439","2015-04-14 19:59:22","975.35","mg/Dl"
"405","2007-07-20 09:21:33","550.85","kPa"
"67","2010-03-20 00:36:10","855.21","kPa"
"292","2011-10-22 06:25:41","262.80","mg/Dl"
"1","2006-04-20 21:24:22","567.58","kPa"
"456","2010-10-30 12:46:11","300.22","kPa"
"908","2012-12-19 23:57:15","778.95","mg/Dl"
"423","2013-05-31 16:12:41","706.86","mg/Dl"
"822","2014-06-03 04:52:29","567.72","kPa"
"498","2011-09-15 11:03:43","122.63","mg/Dl"
"375","2014-11-21 11:43:37","876.04","kPa"
"192","2005-10-26 17:35:13","58.47","kPa"
"759","2009-03-14 22:31:17","862.47","kPa"
"484","2007-04-29 14:55:29","150.19","mg/Dl"
"189","2013-10-07 21:05:50","128.57","kPa"
"727","2014-01-08 13:06:54","177.17","mg/Dl"
"407","2005-12-23 18:59:25","858.30","kPa"
"631","2010-09-11 12:17:38","784.79","kPa"
"373","2011-10-14 01:37:38","419.75","mg/Dl"
"375","2005-08-15 15:47:39","272.29","mg/Dl"
"809","2016-06-09 15:48:54","603.99","kPa"
"332","2010-12-06 15:27:10","239.35","mg/Dl"
"842","2007-12-12 21:29:56","536.49","mg/Dl"
"318","2005-10-27 09:22:32","643.29","mg/Dl"
"54","2010-11-20 21:45:46","219.40","mg/Dl"
"778","2005-04-19 02:42:57","48.88","mg/Dl"
"307","2016-01-07 05:20:44","424.63","mg/Dl"
"834","2011-09-11 02:51:39","778.78","kPa"
"20","2011-01-27 18:00:13","241.33","kPa"
"670","2012-12-18 15:31:33","845.94","kPa"
"997","2016-01-01 05:00:49","419.63","kPa"
"982","2012-11-12 07:50:48","99.76","kPa"
"224","2013-11-29 18:12:01","885.34","kPa"
"314","2011-05-20 01:25:13","903.62","kPa"
"34","2011-02-13 13:36:46","516.34","mg/Dl"
"155","2006-08-11 16:12:25","918.89","mg/Dl"
"877","2009-07-28 09:27:33","765.95","kPa"
"622","2017-09-30 08:04:46","562.85","kPa"
"195","2011-04-20 07:50:05","738.65","kPa"
"802","2005-05-30 23:52:07","379.63","mg/Dl"
"300","2005-02-28 15:02:59","318.26","kPa"
"503","2009-07-10 16:49:33","681.86","kPa"
"263","2010-10-20 05:31:07","322.93","mg/Dl"
"674","2010-05-19 20:32:07","238.22","kPa"
"961","2014-12-28 01:05:13","20.13","kPa"
"219","2007-11-09 14:23:14","672.03","kPa"
"873","2008-06-21 09:08:25","738.80","kPa"
"297","2014-10-31 03:09:40","355.79","mg/Dl"
"580","2008-06-01 18:17:54","526.86","kPa"
"801","2009-06-06 22:17:55","517.58","kPa"
"653","2007-08-04 20:49:00","536.90","mg/Dl"
